property_id,neighborhood,property_type,price,area_sqft,bedrooms,bathrooms,age_years,price_outlier,price_per_sqft,size_band
PROP0001,Jayanagar,Apartment,10989330.0,1173.0,2.0,2.0,6.3,False,9368.567774936062,Medium
PROP0002,Koramangala,Studio,15590108.0,1236.0,2.0,1.0,5.6,False,12613.355987055016,Medium
PROP0003,Electronic City,Villa,12438933.0,2159.0,4.0,5.0,21.8,False,5761.432607688745,Large
PROP0004,Hsr Layout,Villa,7887791.0,909.0,2.0,3.0,9.6,False,8677.437843784379,Medium
PROP0005,Indiranagar,Apartment,3294418.0,350.0,1.0,1.0,0.8,False,9412.622857142856,Small
PROP0006,Electronic City,Studio,14540381.0,2288.0,4.0,5.0,3.7,False,6355.061625874126,Very Large
PROP0007,Jayanagar,Apartment,27150612.0,1485.0,4.0,3.0,12.2,False,18283.240404040404,Large
PROP0008,Jayanagar,Independent House,10625803.0,1239.0,1.0,1.0,15.0,False,8576.11218724778,Medium
PROP0009,Indiranagar,Apartment,6472870.0,443.0,1.0,2.0,5.4,False,14611.444695259594,Small
PROP0010,Koramangala,Apartment,17065078.0,1289.0,2.0,1.0,10.6,False,13239.00543056633,Medium
PROP0011,Whitefield,Independent House,10105810.0,1301.0,2.0,2.0,17.4,False,7767.72482705611,Medium
PROP0012,Electronic City,Apartment,8373966.0,1351.0,2.0,1.0,8.7,False,6198.346410066617,Medium
PROP0013,Hsr Layout,Apartment,8725941.0,871.0,1.0,2.0,7.2,False,10018.301951779564,Medium
PROP0014,Jayanagar,Villa,16608861.0,1751.0,4.0,4.0,4.1,False,9485.357509994288,Large
PROP0015,Koramangala,Apartment,22046619.0,1723.0,3.0,3.0,18.7,False,12795.484039466048,Large
PROP0016,Whitefield,Apartment,5949544.0,673.0,1.0,2.0,0.2,False,8840.332838038634,Small
PROP0017,Koramangala,Apartment,22643922.0,1814.0,3.0,3.0,32.0,False,12482.86769570011,Large
PROP0018,Indiranagar,Apartment,28091222.0,2517.0,4.0,5.0,1.4,False,11160.596742153357,Very Large
PROP0019,Jayanagar,Apartment,14001186.0,1539.0,2.0,1.0,10.4,False,9097.586744639377,Large
PROP0020,Hsr Layout,Apartment,14188975.0,1275.0,2.0,1.0,12.5,False,11128.607843137255,Medium
PROP0021,Jayanagar,Apartment,12868401.0,1376.0,3.0,4.0,13.2,False,9352.035610465116,Medium
PROP0022,Whitefield,Apartment,11506834.5,1770.0,2.0,3.0,38.7,False,6501.036440677966,Large
PROP0023,Electronic City,Apartment,2144478.0,550.0,1.0,1.0,2.4,False,3899.050909090909,Small
PROP0024,Electronic City,Villa,7553430.0,1535.0,2.0,2.0,21.5,False,4920.801302931596,Large
PROP0025,Jayanagar,Villa,12376127.0,1247.0,2.0,1.0,7.4,False,9924.720930232557,Medium
PROP0026,Whitefield,Apartment,17320623.0,2411.0,4.0,5.0,18.9,False,7183.999585234343,Very Large
PROP0027,Koramangala,Apartment,15515591.0,1359.0,1.0,2.0,5.6,False,11416.917586460633,Medium
PROP0028,Indiranagar,Independent House,25738003.0,2317.0,4.0,3.0,8.1,False,11108.331031506257,Very Large
PROP0029,Indiranagar,Apartment,11076621.0,876.0,2.0,2.0,4.9,False,12644.544520547945,Medium
PROP0030,Hsr Layout,Apartment,19321741.0,1755.0,3.0,3.0,10.6,False,11009.53903133903,Large
PROP0031,Jayanagar,Apartment,15552066.0,1616.0,2.0,2.0,7.0,False,9623.803217821782,Large
PROP0032,Electronic City,Apartment,5979317.0,998.0,2.0,2.0,10.4,False,5991.299599198397,Medium
PROP0033,Whitefield,Studio,12580205.0,1542.0,3.0,2.0,12.4,False,8158.369001297016,Large
PROP0034,Whitefield,Independent House,16759441.0,2081.0,2.0,1.0,12.5,False,8053.5516578567995,Large
PROP0035,Koramangala,Independent House,15327915.0,1282.0,2.0,1.0,10.7,False,11956.251950078004,Medium
PROP0036,Whitefield,Apartment,4461178.0,570.0,1.0,2.0,13.3,False,7826.628070175439,Small
PROP0037,Indiranagar,Apartment,15922236.0,1441.0,3.0,3.0,13.6,False,11049.435114503816,Large
PROP0038,Koramangala,Apartment,17065078.0,981.0,1.0,2.0,8.4,False,17395.594291539244,Medium
PROP0039,Whitefield,Apartment,9221271.0,1272.0,2.0,2.0,22.9,False,7249.426886792453,Medium
PROP0040,Hsr Layout,Apartment,14383519.0,1408.0,3.0,2.0,10.4,False,10215.56747159091,Large
PROP0041,Koramangala,Villa,7929709.0,563.0,2.0,2.0,14.7,False,14084.740674955596,Small
PROP0042,Jayanagar,Apartment,6629467.0,610.0,1.0,1.0,10.6,False,10867.97868852459,Small
PROP0043,Hsr Layout,Independent House,17967684.0,1701.0,3.0,4.0,19.8,False,10563.012345679012,Large
PROP0044,Whitefield,Apartment,11506834.5,1503.0,1.0,2.0,2.5,False,7655.911177644711,Large
PROP0045,Jayanagar,Apartment,3120323.0,350.0,1.0,2.0,10.0,False,8915.208571428571,Small
PROP0046,Jayanagar,Independent House,13828285.0,1858.0,2.0,3.0,10.9,False,7442.5645855758885,Large
PROP0047,Whitefield,Villa,12554521.0,1592.0,2.0,1.0,17.9,False,7886.005653266332,Large
PROP0048,Whitefield,Apartment,10426635.0,1079.0,2.0,1.0,18.0,False,9663.239110287303,Medium
PROP0049,Hsr Layout,Apartment,7136786.0,765.0,1.0,1.0,8.9,False,9329.13202614379,Small
PROP0050,Indiranagar,Apartment,20056551.0,1885.0,3.0,3.0,8.9,False,10640.080106100795,Large
PROP0051,Whitefield,Apartment,12882240.0,1632.0,3.0,4.0,4.6,False,7893.529411764706,Large
PROP0052,Indiranagar,Apartment,29396998.0,2689.0,5.0,6.0,5.9,True,10932.316102640387,Very Large
PROP0053,Jayanagar,Apartment,17447973.0,1668.0,2.0,2.0,17.0,False,10460.415467625899,Large
PROP0054,Hsr Layout,Apartment,16407722.0,1652.0,3.0,2.0,15.7,False,9932.035108958838,Large
PROP0055,Hsr Layout,Apartment,14805786.0,1363.0,3.0,3.0,11.8,False,10862.645634629494,Medium
PROP0056,Jayanagar,Villa,19182949.0,1485.0,2.0,2.0,1.0,False,12917.810774410775,Large
PROP0057,Koramangala,Studio,22047786.0,1775.0,2.0,1.0,12.9,False,12421.287887323944,Large
PROP0058,Koramangala,Apartment,113500552.5,2101.0,4.0,5.0,27.2,True,54022.15730604474,Large
PROP0059,Indiranagar,Apartment,13879847.0,1179.0,2.0,3.0,4.4,False,11772.558948261238,Medium
PROP0060,Indiranagar,Apartment,14038464.0,1224.0,2.0,2.0,14.3,False,11469.333333333334,Medium
PROP0061,Hsr Layout,Studio,12848155.0,1201.0,3.0,2.0,25.9,False,10697.880932556203,Medium
PROP0062,Koramangala,Villa,23357968.0,1861.0,3.0,4.0,7.6,False,12551.299301450832,Large
PROP0063,Koramangala,Villa,27516252.0,2229.0,4.0,3.0,10.6,False,12344.662180349933,Very Large
PROP0064,Jayanagar,Apartment,11525732.0,1211.0,3.0,3.0,8.6,False,9517.532617671346,Medium
PROP0065,Hsr Layout,Apartment,12699551.0,1229.0,2.0,3.0,27.5,False,10333.239218877135,Medium
PROP0066,Koramangala,Apartment,20172572.0,1613.0,2.0,3.0,0.7,False,12506.24426534408,Large
PROP0067,Koramangala,Apartment,15922279.0,1322.0,2.0,1.0,5.9,False,12044.083963691377,Medium
PROP0068,Whitefield,Villa,14174445.0,1945.0,3.0,3.0,9.6,False,7287.632390745502,Large
PROP0069,Indiranagar,Apartment,3305008.0,1442.0,1.0,1.0,17.4,False,2291.9611650485435,Large
PROP0070,Koramangala,Apartment,12764719.0,1020.0,2.0,1.0,6.9,False,12514.430392156863,Medium
PROP0071,Whitefield,Apartment,8001850.0,1043.0,3.0,3.0,6.3,False,7671.95589645254,Medium
PROP0072,Koramangala,Apartment,4435929.0,350.0,1.0,2.0,16.2,False,12674.082857142857,Small
PROP0073,Electronic City,Apartment,5993223.0,949.0,2.0,2.0,9.9,False,6315.303477344573,Medium
PROP0074,Whitefield,Apartment,7141140.0,974.0,2.0,2.0,16.5,False,7331.7659137577,Medium
PROP0075,Indiranagar,Independent House,15811599.0,1345.0,2.0,1.0,12.8,False,11755.835687732342,Medium
PROP0076,Whitefield,Independent House,15559528.0,2029.0,3.0,2.0,3.8,False,7668.56973878758,Large
PROP0077,Whitefield,Independent House,9767962.0,1323.0,2.0,1.0,8.9,False,7383.191232048375,Medium
PROP0078,Hsr Layout,Villa,9826525.0,914.0,1.0,1.0,15.4,False,10751.121444201313,Medium
PROP0079,Koramangala,Villa,15871951.0,1420.0,3.0,2.0,19.5,False,11177.43028169014,Large
PROP0080,Jayanagar,Apartment,18767690.0,1996.0,4.0,5.0,5.9,False,9402.650300601203,Large
PROP0081,Hsr Layout,Apartment,10555508.0,943.0,2.0,1.0,10.6,False,11193.539766702015,Medium
PROP0082,Koramangala,Apartment,10977756.0,977.0,1.0,1.0,2.2,False,11236.18833162743,Medium
PROP0083,Jayanagar,Apartment,17706008.0,1740.0,3.0,3.0,7.8,False,10175.866666666667,Large
PROP0084,Indiranagar,Apartment,15541540.0,1335.0,2.0,1.0,10.6,False,11641.602996254682,Medium
PROP0085,Indiranagar,Apartment,18689811.0,1787.0,3.0,3.0,10.6,False,10458.763850027979,Large
PROP0086,Indiranagar,Independent House,15978392.0,1443.0,2.0,2.0,2.8,False,11073.036729036729,Large
PROP0087,Hsr Layout,Apartment,18638693.0,1815.0,3.0,2.0,24.2,False,10269.252341597796,Large
PROP0088,Koramangala,Apartment,10909173.0,912.0,1.0,1.0,6.2,False,11961.8125,Medium
PROP0089,Indiranagar,Apartment,16449123.0,1444.0,3.0,4.0,0.8,False,11391.359418282549,Large
PROP0090,Koramangala,Apartment,15971046.0,1340.0,2.0,2.0,8.3,False,11918.69104477612,Medium
PROP0091,Indiranagar,Independent House,8492262.0,818.0,2.0,2.0,7.3,False,10381.738386308069,Medium
PROP0092,Hsr Layout,Apartment,5772121.0,637.0,1.0,1.0,21.4,False,9061.414442700157,Small
PROP0093,Koramangala,Independent House,22499981.0,1807.0,4.0,3.0,6.5,False,12451.566685113448,Large
PROP0094,Whitefield,Studio,9961168.0,1268.0,3.0,2.0,30.9,False,7855.810725552051,Medium
PROP0095,Whitefield,Apartment,6631281.0,918.0,2.0,2.0,20.1,False,7223.617647058823,Medium
PROP0096,Hsr Layout,Apartment,13578292.0,1400.0,2.0,1.0,11.1,False,9698.78,Medium
PROP0097,Whitefield,Apartment,14986841.0,2037.0,2.0,5.0,4.6,False,7357.3102601865485,Large
PROP0098,Indiranagar,Apartment,4051953.0,350.0,1.0,1.0,12.5,False,11577.00857142857,Small
PROP0099,Indiranagar,Apartment,8504238.0,672.0,1.0,1.0,9.3,False,12655.11607142857,Small
PROP0100,Electronic City,Independent House,5981827.0,970.0,2.0,2.0,15.2,False,6166.831958762887,Medium
PROP0101,Electronic City,Apartment,12437385.0,2210.0,4.0,3.0,10.6,False,5627.776018099547,Very Large
PROP0102,Hsr Layout,Independent House,15499168.0,1597.0,3.0,3.0,44.9,False,9705.17720726362,Large
PROP0103,Whitefield,Apartment,13955158.0,1849.0,3.0,4.0,7.2,False,7547.408328826393,Large
PROP0104,Electronic City,Independent House,4809794.0,857.0,2.0,1.0,17.7,False,5612.361726954492,Medium
PROP0105,Jayanagar,Apartment,7697673.0,868.0,2.0,2.0,7.5,False,8868.286866359447,Medium
PROP0106,Indiranagar,Apartment,18446569.0,1442.0,3.0,2.0,5.2,False,12792.350208044383,Large
PROP0107,Koramangala,Apartment,16156976.0,1480.0,1.0,1.0,11.0,False,10916.875675675676,Large
PROP0108,Whitefield,Apartment,13859944.0,1735.0,3.0,2.0,6.4,False,7988.4403458213255,Large
PROP0109,Indiranagar,Studio,14512244.0,1352.0,2.0,2.0,1.5,False,10733.908284023668,Medium
PROP0110,Electronic City,Apartment,9226996.0,1595.0,2.0,2.0,3.2,False,5784.950470219435,Large
PROP0111,Koramangala,Apartment,20302082.0,1532.0,3.0,2.0,3.7,False,13252.011749347259,Large
PROP0112,Whitefield,Apartment,13732920.0,1854.0,4.0,4.0,5.5,False,7407.184466019417,Large
PROP0113,Whitefield,Apartment,13842134.0,1870.0,2.0,4.0,23.8,False,7402.210695187166,Large
PROP0114,Hsr Layout,Apartment,6145110.0,608.0,1.0,2.0,10.4,False,10107.088815789473,Small
PROP0115,Whitefield,Apartment,11506834.5,350.0,1.0,1.0,7.3,False,32876.67,Small
PROP0116,Electronic City,Apartment,11276477.0,1971.0,3.0,3.0,15.3,False,5721.195839675292,Large
PROP0117,Jayanagar,Apartment,19025591.0,2068.0,4.0,5.0,10.5,False,9199.995647969052,Large
PROP0118,Hsr Layout,Apartment,8981070.0,919.0,2.0,1.0,11.9,False,9772.65505984766,Medium
PROP0119,Koramangala,Independent House,6804233.0,483.0,1.0,2.0,8.3,False,14087.438923395444,Small
PROP0120,Hsr Layout,Apartment,15698100.0,1501.0,2.0,2.0,5.0,False,10458.427714856762,Large
PROP0121,Hsr Layout,Villa,20568225.0,1934.0,4.0,3.0,10.0,False,10635.06980351603,Large
PROP0122,Hsr Layout,Apartment,24348878.0,2385.0,4.0,3.0,9.4,False,10209.17316561845,Very Large
PROP0123,Indiranagar,Apartment,18185528.0,1718.0,3.0,3.0,18.0,False,10585.289871944122,Large
PROP0124,Koramangala,Apartment,16459810.0,1257.0,2.0,2.0,10.2,False,13094.518695306284,Medium
PROP0125,Indiranagar,Apartment,10650712.0,986.0,1.0,2.0,5.8,False,10801.939148073023,Medium
PROP0126,Koramangala,Apartment,17828506.0,1456.0,3.0,3.0,5.5,False,12244.853021978022,Large
PROP0127,Whitefield,Apartment,10767230.0,1294.0,2.0,3.0,37.4,False,8320.888717156105,Medium
PROP0128,Indiranagar,Apartment,9622083.0,922.0,1.0,1.0,1.0,False,10436.098698481563,Medium
PROP0129,Indiranagar,Independent House,26407598.0,2515.0,4.0,5.0,22.6,False,10500.038966202783,Very Large
PROP0130,Hsr Layout,Apartment,24289528.0,2378.0,4.0,3.0,12.3,False,10214.267451640033,Very Large
PROP0131,Whitefield,Apartment,15599533.0,2041.0,4.0,3.0,14.4,False,7643.083292503675,Large
PROP0132,Electronic City,Apartment,5895435.0,971.0,2.0,3.0,18.8,False,6071.508753861998,Medium
PROP0133,Hsr Layout,Apartment,21151358.0,1895.0,3.0,4.0,13.2,False,11161.666490765172,Large
PROP0134,Whitefield,Villa,14045402.0,1783.0,3.0,4.0,8.1,False,7877.398766124509,Large
PROP0135,Hsr Layout,Apartment,14544065.0,1680.0,3.0,2.0,29.2,False,8657.181547619048,Large
PROP0136,Indiranagar,Apartment,23125393.0,2100.0,3.0,2.0,10.6,False,11012.091904761905,Large
PROP0137,Electronic City,Apartment,10504300.0,1780.0,4.0,5.0,6.5,False,5901.29213483146,Large
PROP0138,Koramangala,Apartment,22396880.0,1835.0,2.0,2.0,25.3,False,12205.384196185287,Large
PROP0139,Jayanagar,Independent House,17618448.0,1781.0,4.0,3.0,2.0,False,9892.446939921392,Large
PROP0140,Indiranagar,Apartment,17474254.0,1627.0,3.0,4.0,30.3,False,10740.168408113092,Large
PROP0141,Koramangala,Studio,6477626.0,523.0,1.0,2.0,14.9,False,12385.518164435947,Small
PROP0142,Koramangala,Apartment,19017581.0,1493.0,3.0,2.0,1.8,False,12737.830542531816,Large
PROP0143,Electronic City,Independent House,6410711.0,1161.0,2.0,3.0,16.3,False,5521.714900947459,Medium
PROP0144,Hsr Layout,Apartment,7509393.0,784.0,2.0,3.0,7.7,False,9578.307397959185,Small
PROP0145,Koramangala,Apartment,30786284.0,2325.0,4.0,4.0,6.7,True,13241.41247311828,Very Large
PROP0146,Whitefield,Studio,17305059.0,2349.0,4.0,2.0,14.9,False,7366.989782886335,Very Large
PROP0147,Whitefield,Apartment,16352375.0,2157.0,4.0,3.0,11.4,False,7581.073249884098,Large
PROP0148,Koramangala,Apartment,17578817.0,1583.0,3.0,4.0,20.3,False,11104.748578648136,Large
PROP0149,Koramangala,Independent House,26861125.0,2152.0,4.0,5.0,2.3,False,12481.935408921932,Large
PROP0150,Indiranagar,Apartment,14745582.0,1456.0,3.0,4.0,15.8,False,10127.460164835165,Large
PROP0151,Jayanagar,Villa,14439243.0,1555.0,2.0,3.0,13.6,False,9285.686816720257,Large
PROP0152,Electronic City,Villa,5884337.0,881.0,2.0,1.0,17.4,False,6679.156640181612,Medium
PROP0153,Indiranagar,Studio,18280719.0,1656.0,3.0,3.0,7.0,False,11039.08152173913,Large
PROP0154,Koramangala,Independent House,18766858.0,1481.0,3.0,3.0,34.2,False,12671.747467927076,Large
PROP0155,Indiranagar,Apartment,6978769.0,773.0,2.0,3.0,14.5,False,9028.1617076326,Small
PROP0156,Hsr Layout,Apartment,15822695.0,1423.0,2.0,2.0,9.5,False,11119.251581166549,Large
PROP0157,Whitefield,Apartment,10148890.0,1503.0,2.0,2.0,1.2,False,6752.421823020625,Large
PROP0158,Hsr Layout,Apartment,25628094.0,2385.0,4.0,3.0,7.7,False,10745.532075471698,Very Large
PROP0159,Hsr Layout,Studio,19811930.0,1915.0,2.0,3.0,18.0,False,10345.655352480419,Large
PROP0160,Jayanagar,Apartment,14420453.0,1456.0,3.0,3.0,26.0,False,9904.15728021978,Large
PROP0161,Indiranagar,Apartment,16484179.0,1579.0,3.0,2.0,10.6,False,10439.63204559848,Large
PROP0162,Electronic City,Apartment,8235351.0,1473.0,2.0,3.0,28.8,False,5590.869653767821,Large
PROP0163,Whitefield,Apartment,10015582.0,1503.0,1.0,1.0,4.7,False,6663.727212242182,Large
PROP0164,Indiranagar,Independent House,9726669.0,887.0,1.0,1.0,13.9,False,10965.80496054115,Medium
PROP0165,Koramangala,Apartment,16713143.0,1371.0,3.0,2.0,14.2,False,12190.47629467542,Medium
PROP0166,Whitefield,Apartment,6581537.0,1062.0,1.0,1.0,15.9,False,6197.304143126177,Medium
PROP0167,Jayanagar,Studio,8562666.0,800.0,1.0,1.0,10.6,False,10703.3325,Small
PROP0168,Jayanagar,Independent House,16538770.0,1716.0,2.0,3.0,13.4,False,9637.977855477855,Large
PROP0169,Whitefield,Apartment,12553469.0,1653.0,3.0,3.0,4.6,False,7594.3551119177255,Large
PROP0170,Electronic City,Independent House,2698095.0,521.0,2.0,1.0,24.4,False,5178.685220729367,Small
PROP0171,Whitefield,Apartment,10709564.0,1386.0,2.0,1.0,19.4,False,7726.958152958153,Medium
PROP0172,Koramangala,Studio,23343114.0,1968.0,4.0,4.0,13.0,False,11861.338414634147,Large
PROP0173,Whitefield,Apartment,13429143.0,2001.0,4.0,3.0,19.7,False,6711.215892053973,Large
PROP0174,Electronic City,Apartment,11492908.0,1983.0,3.0,4.0,24.9,False,5795.717599596571,Large
PROP0175,Indiranagar,Villa,16219471.0,1470.0,2.0,1.0,15.7,False,11033.653741496599,Large
PROP0176,Indiranagar,Apartment,10643417.0,1011.0,2.0,2.0,36.5,False,10527.61325420376,Medium
PROP0177,Koramangala,Apartment,10268822.0,886.0,2.0,1.0,16.6,False,11590.092550790068,Medium
PROP0178,Electronic City,Apartment,9805656.0,1629.0,3.0,2.0,5.2,False,6019.432780847145,Large
PROP0179,Electronic City,Apartment,8741690.0,1401.0,3.0,2.0,12.6,False,6239.6074232690935,Large
PROP0180,Jayanagar,Apartment,19826738.0,2119.0,4.0,3.0,20.2,False,9356.648419065597,Large
PROP0181,Electronic City,Apartment,11588161.0,2022.0,3.0,2.0,24.9,False,5731.039070227497,Large
PROP0182,Electronic City,Apartment,8831688.0,1381.0,3.0,4.0,11.9,False,6395.139753801593,Medium
PROP0183,Koramangala,Independent House,9685720.0,803.0,1.0,2.0,4.9,False,12061.917808219177,Medium
PROP0184,Whitefield,Independent House,9534595.0,1284.0,3.0,2.0,8.9,False,7425.697040498442,Medium
PROP0185,Jayanagar,Apartment,16549356.0,1563.0,3.0,4.0,3.2,False,10588.19961612284,Large
PROP0186,Indiranagar,Apartment,15035822.5,1345.0,3.0,3.0,17.8,False,11179.050185873606,Medium
PROP0187,Whitefield,Apartment,9087410.0,1149.0,2.0,1.0,10.6,False,7908.973020017406,Medium
PROP0188,Indiranagar,Apartment,17094902.0,1582.0,2.0,1.0,6.0,False,10805.8798988622,Large
PROP0189,Jayanagar,Independent House,10850753.0,1188.0,2.0,2.0,19.0,False,9133.630471380471,Medium
PROP0190,Whitefield,Apartment,7186037.0,1123.0,2.0,2.0,28.4,False,6398.964381121995,Medium
PROP0191,Electronic City,Apartment,10275569.0,1612.0,3.0,2.0,5.9,False,6374.422456575682,Large
PROP0192,Whitefield,Apartment,9858035.0,1241.0,1.0,2.0,11.9,False,7943.622078968574,Medium
PROP0193,Indiranagar,Apartment,17017278.0,1577.0,2.0,3.0,9.1,False,10790.918199112239,Large
PROP0194,Jayanagar,Independent House,15169636.0,1592.0,2.0,2.0,25.7,False,9528.665829145728,Large
PROP0195,Indiranagar,Villa,9754644.0,857.0,1.0,2.0,10.0,False,11382.315052508751,Medium
PROP0196,Whitefield,Apartment,8163647.0,1200.0,2.0,3.0,4.5,False,6803.0391666666665,Medium
PROP0197,Hsr Layout,Apartment,22114016.0,2198.0,4.0,5.0,10.3,False,10060.971792538672,Large
PROP0198,Electronic City,Independent House,4066035.0,846.0,1.0,1.0,22.3,False,4806.187943262411,Medium
PROP0199,Whitefield,Apartment,3931515.0,350.0,1.0,2.0,8.7,False,11232.9,Small
PROP0200,Whitefield,Independent House,4369048.0,482.0,1.0,1.0,6.5,False,9064.414937759337,Small
PROP0201,Jayanagar,Independent House,12516884.0,1485.0,2.0,3.0,9.6,False,8428.878114478115,Large
PROP0202,Electronic City,Apartment,7670321.0,1466.0,3.0,4.0,4.6,False,5232.142564802183,Large
PROP0203,Koramangala,Independent House,17139071.0,1389.0,2.0,1.0,9.1,False,12339.143988480922,Medium
PROP0204,Indiranagar,Apartment,22409749.0,2081.0,3.0,3.0,6.9,False,10768.740509370495,Large
PROP0205,Indiranagar,Villa,2482208.0,350.0,1.0,1.0,40.8,False,7092.022857142857,Small
PROP0206,Whitefield,Apartment,14238783.0,1656.0,3.0,2.0,1.6,False,8598.298913043478,Large
PROP0207,Indiranagar,Apartment,24914673.0,2262.0,4.0,4.0,5.2,False,11014.444297082227,Very Large
PROP0208,Hsr Layout,Apartment,9290523.0,864.0,1.0,2.0,6.5,False,10752.920138888889,Medium
PROP0209,Indiranagar,Apartment,13213537.0,1253.0,2.0,3.0,4.7,False,10545.520351157224,Medium
PROP0210,Koramangala,Apartment,13474925.0,1058.0,2.0,2.0,14.0,False,12736.224007561437,Medium
PROP0211,Hsr Layout,Apartment,10022847.0,985.0,1.0,1.0,5.9,False,10175.479187817258,Medium
PROP0212,Hsr Layout,Apartment,13194928.0,1280.0,3.0,3.0,2.8,False,10308.5375,Medium
PROP0213,Whitefield,Apartment,17134181.0,2192.0,3.0,4.0,11.2,False,7816.688412408759,Large
PROP0214,Jayanagar,Apartment,22409411.0,2405.0,4.0,5.0,8.4,False,9317.842411642412,Very Large
PROP0215,Hsr Layout,Independent House,14314335.0,1275.0,2.0,1.0,6.1,False,11226.929411764706,Medium
PROP0216,Jayanagar,Independent House,23532565.0,2441.0,4.0,3.0,25.3,False,9640.542810323637,Very Large
PROP0217,Indiranagar,Apartment,16575128.0,1468.0,2.0,3.0,14.4,False,11290.959128065395,Large
PROP0218,Indiranagar,Apartment,24563780.0,2362.0,4.0,3.0,13.3,False,10399.568162574089,Very Large
PROP0219,Electronic City,Villa,7522604.0,1401.0,2.0,1.0,14.6,False,5369.453247680229,Large
PROP0220,Koramangala,Villa,17676426.0,1518.0,2.0,1.0,14.1,False,11644.549407114624,Large
PROP0221,Whitefield,Apartment,12647719.0,1640.0,2.0,2.0,8.7,False,7712.023780487805,Large
PROP0222,Koramangala,Studio,38484444.0,3103.0,5.0,5.0,5.9,True,12402.334514985498,Very Large
PROP0223,Hsr Layout,Apartment,19051758.0,1893.0,3.0,3.0,11.4,False,10064.320126782884,Large
PROP0224,Electronic City,Apartment,5665740.0,1082.0,2.0,1.0,8.6,False,5236.358595194085,Medium
PROP0225,Whitefield,Villa,14336744.0,1954.0,3.0,4.0,1.6,False,7337.125895598771,Large
PROP0226,Electronic City,Villa,7509472.0,1262.0,2.0,3.0,4.3,False,5950.45324881141,Medium
PROP0227,Indiranagar,Independent House,12692986.0,1195.0,2.0,2.0,7.8,False,10621.745606694562,Medium
PROP0228,Koramangala,Apartment,23165851.0,1922.0,4.0,3.0,19.2,False,12052.992195629553,Large
PROP0229,Hsr Layout,Apartment,16284594.0,1466.0,3.0,3.0,11.4,False,11108.181446111868,Large
PROP0230,Indiranagar,Apartment,17381791.0,1595.0,3.0,4.0,5.1,False,10897.67460815047,Large
PROP0231,Indiranagar,Apartment,16803667.0,1457.0,3.0,3.0,4.0,False,11533.059025394647,Large
PROP0232,Koramangala,Apartment,19644612.0,1625.0,2.0,1.0,22.0,False,12088.992,Large
PROP0233,Electronic City,Apartment,9979549.0,1671.0,3.0,3.0,9.0,False,5972.201675643328,Large
PROP0234,Hsr Layout,Apartment,4608604.0,443.0,2.0,2.0,0.3,False,10403.169300225734,Small
PROP0235,Electronic City,Villa,9375809.0,1797.0,3.0,3.0,9.4,False,5217.47857540345,Large
PROP0236,Jayanagar,Apartment,10168256.0,939.0,2.0,2.0,16.5,False,10828.813631522897,Medium
PROP0237,Koramangala,Apartment,8607815.0,700.0,1.0,1.0,3.9,False,12296.878571428571,Small
PROP0238,Jayanagar,Villa,14422129.0,1420.0,3.0,4.0,10.8,False,10156.428873239436,Large
PROP0239,Indiranagar,Apartment,15519744.0,1494.0,2.0,2.0,11.5,False,10388.048192771084,Large
PROP0240,Indiranagar,Independent House,11817376.0,1089.0,1.0,1.0,4.1,False,10851.584940312214,Medium
PROP0241,Jayanagar,Apartment,16612678.0,1882.0,3.0,3.0,23.3,False,8827.140276301807,Large
PROP0242,Jayanagar,Apartment,8151792.0,752.0,1.0,1.0,11.7,False,10840.148936170213,Small
PROP0243,Whitefield,Independent House,9751205.0,1238.0,3.0,2.0,7.7,False,7876.57915993538,Medium
PROP0244,Koramangala,Apartment,14480223.0,1146.0,2.0,3.0,9.0,False,12635.447643979058,Medium
PROP0245,Hsr Layout,Apartment,15826813.0,1426.0,2.0,1.0,3.4,False,11098.746844319776,Large
PROP0246,Electronic City,Villa,10335757.0,1595.0,2.0,2.0,3.3,False,6480.098432601881,Large
PROP0247,Hsr Layout,Apartment,10180143.0,926.0,1.0,1.0,7.2,False,10993.67494600432,Medium
PROP0248,Koramangala,Villa,21732599.0,1827.0,3.0,2.0,7.5,False,11895.23754789272,Large
PROP0249,Indiranagar,Independent House,11045289.0,1483.0,2.0,1.0,8.6,False,7447.935940660823,Large
PROP0250,Koramangala,Independent House,5072900.0,466.0,1.0,2.0,24.7,False,10886.051502145923,Small
PROP0251,Hsr Layout,Apartment,4823867.0,432.0,1.0,1.0,15.9,False,11166.358796296296,Small
PROP0252,Electronic City,Apartment,8761011.0,1444.0,3.0,3.0,1.9,False,6067.182132963989,Large
PROP0253,Koramangala,Studio,15713259.0,1335.0,2.0,3.0,21.7,False,11770.231460674157,Medium
PROP0254,Whitefield,Apartment,10536574.0,1396.0,1.0,1.0,7.1,False,7547.689111747851,Medium
PROP0255,Whitefield,Apartment,10139219.0,1435.0,3.0,3.0,17.0,False,7065.657839721254,Large
PROP0256,Jayanagar,Apartment,15175971.0,1567.0,3.0,3.0,7.6,False,9684.729419272495,Large
PROP0257,Jayanagar,Apartment,17423676.0,1943.0,3.0,3.0,11.1,False,8967.409161091096,Large
PROP0258,Indiranagar,Apartment,9868814.0,872.0,2.0,1.0,3.6,False,11317.447247706423,Medium
PROP0259,Indiranagar,Apartment,9254518.0,841.0,1.0,2.0,13.0,False,11004.183115338883,Medium
PROP0260,Hsr Layout,Apartment,10355283.0,881.0,2.0,1.0,18.3,False,11754.010215664019,Medium
PROP0261,Indiranagar,Apartment,18078833.0,1600.0,2.0,3.0,2.3,False,11299.270625,Large
PROP0262,Jayanagar,Independent House,13828285.0,2097.0,4.0,5.0,18.5,False,6594.318073438245,Large
PROP0263,Whitefield,Apartment,11506834.5,1226.0,1.0,1.0,5.9,False,9385.67251223491,Medium
PROP0264,Indiranagar,Apartment,2578586.0,350.0,1.0,1.0,29.9,False,7367.388571428572,Small
PROP0265,Electronic City,Apartment,2547565.0,564.0,2.0,1.0,17.2,False,4516.959219858156,Small
PROP0266,Indiranagar,Apartment,11287956.0,1017.0,2.0,3.0,15.2,False,11099.268436578172,Medium
PROP0267,Whitefield,Independent House,33758766.0,1160.0,2.0,3.0,10.6,True,29102.38448275862,Medium
PROP0268,Indiranagar,Independent House,12368902.0,1238.0,2.0,3.0,45.0,False,9991.035541195477,Medium
PROP0269,Indiranagar,Apartment,15277294.0,1470.0,2.0,1.0,7.2,False,10392.71700680272,Large
PROP0270,Indiranagar,Apartment,14140116.0,1288.0,3.0,3.0,4.4,False,10978.350931677018,Medium
PROP0271,Indiranagar,Apartment,20828969.0,1996.0,3.0,2.0,6.1,False,10435.355210420841,Large
PROP0272,Whitefield,Apartment,8537655.0,1098.0,1.0,2.0,20.5,False,7775.642076502732,Medium
PROP0273,Indiranagar,Apartment,10918046.0,1002.0,1.0,1.0,11.0,False,10896.253493013972,Medium
PROP0274,Hsr Layout,Apartment,18609052.0,1699.0,3.0,4.0,9.8,False,10952.944084755738,Large
PROP0275,Hsr Layout,Apartment,6825258.0,651.0,1.0,2.0,7.2,False,10484.267281105991,Small
PROP0276,Koramangala,Apartment,20007049.0,1653.0,2.0,3.0,9.5,False,12103.477918935268,Large
PROP0277,Whitefield,Apartment,11518567.0,1503.0,2.0,2.0,6.9,False,7663.7172322022625,Large
PROP0278,Koramangala,Apartment,15548538.0,1373.0,2.0,2.0,16.2,False,11324.49963583394,Medium
PROP0279,Electronic City,Apartment,8235351.0,2276.0,4.0,4.0,8.5,False,3618.3440246045693,Very Large
PROP0280,Electronic City,Apartment,7105472.0,1126.0,1.0,2.0,6.2,False,6310.365896980462,Medium
PROP0281,Indiranagar,Apartment,28858598.0,2521.0,4.0,3.0,19.4,True,11447.282030940103,Very Large
PROP0282,Whitefield,Apartment,9866243.0,1333.0,2.0,2.0,4.5,False,7401.532633158289,Medium
PROP0283,Whitefield,Apartment,5776936.0,786.0,2.0,3.0,11.1,False,7349.791348600509,Small
PROP0284,Whitefield,Apartment,11143009.0,1503.0,3.0,3.0,1.6,False,7413.844976713241,Large
PROP0285,Hsr Layout,Studio,9451011.0,890.0,1.0,2.0,3.0,False,10619.113483146068,Medium
PROP0286,Koramangala,Independent House,13252941.0,1059.0,2.0,1.0,7.8,False,12514.580736543909,Medium
PROP0287,Indiranagar,Apartment,17994863.0,1656.0,3.0,3.0,6.8,False,10866.463164251209,Large
PROP0288,Whitefield,Apartment,14193594.0,1739.0,3.0,3.0,6.7,False,8161.928694652099,Large
PROP0289,Koramangala,Villa,13016104.0,1126.0,1.0,1.0,17.3,False,11559.595026642985,Medium
PROP0290,Indiranagar,Villa,98269965.0,1963.0,3.0,2.0,18.0,True,50061.11309220581,Large
PROP0291,Jayanagar,Apartment,13828285.0,2052.0,3.0,2.0,12.7,False,6738.930311890838,Large
PROP0292,Indiranagar,Apartment,24062089.0,2197.0,3.0,4.0,4.3,False,10952.248065543923,Large
PROP0293,Electronic City,Apartment,9979612.0,1725.0,3.0,3.0,9.4,False,5785.28231884058,Large
PROP0294,Indiranagar,Apartment,24182732.0,2159.0,4.0,3.0,32.6,False,11200.894858730893,Large
PROP0295,Jayanagar,Apartment,3662002.0,472.0,1.0,1.0,42.7,False,7758.478813559322,Small
PROP0296,Electronic City,Apartment,7722166.0,1285.0,2.0,1.0,19.5,False,6009.467704280156,Medium
PROP0297,Electronic City,Apartment,5452337.0,999.0,2.0,3.0,4.5,False,5457.794794794795,Medium
PROP0298,Jayanagar,Apartment,15702226.0,1512.0,3.0,2.0,9.5,False,10385.070105820107,Large
PROP0299,Jayanagar,Apartment,11776780.0,1153.0,2.0,3.0,12.1,False,10214.032957502168,Medium
PROP0300,Hsr Layout,Villa,13413050.0,1364.0,2.0,1.0,10.8,False,9833.614369501467,Medium
PROP0301,Jayanagar,Apartment,23850908.0,2429.0,3.0,3.0,20.9,False,9819.22931247427,Very Large
PROP0302,Indiranagar,Apartment,14736620.0,1362.0,2.0,1.0,16.8,False,10819.838472834068,Medium
PROP0303,Koramangala,Apartment,17065078.0,1665.0,3.0,4.0,4.2,False,10249.296096096095,Large
PROP0304,Koramangala,Studio,16886882.0,1329.0,1.0,1.0,6.3,False,12706.457486832205,Medium
PROP0305,Electronic City,Apartment,9136206.0,1489.0,3.0,3.0,19.5,False,6135.799865681665,Large
PROP0306,Koramangala,Apartment,17065078.0,1453.0,3.0,2.0,25.2,False,11744.719889883001,Large
PROP0307,Whitefield,Apartment,12843573.0,1683.0,3.0,2.0,12.2,False,7631.356506238859,Large
PROP0308,Hsr Layout,Studio,20855429.0,2056.0,4.0,3.0,27.2,False,10143.691147859921,Large
PROP0309,Whitefield,Studio,17842776.0,2307.0,4.0,5.0,11.2,False,7734.189856957087,Very Large
PROP0310,Indiranagar,Independent House,17752956.0,1611.0,3.0,3.0,4.9,False,11019.836126629423,Large
PROP0311,Koramangala,Apartment,20991173.0,1757.0,2.0,2.0,15.8,False,11947.16733067729,Large
PROP0312,Koramangala,Apartment,11451298.0,852.0,1.0,1.0,45.0,False,13440.49061032864,Medium
PROP0313,Whitefield,Apartment,10179762.0,1404.0,3.0,4.0,3.4,False,7250.542735042735,Large
PROP0314,Whitefield,Apartment,14640370.0,1939.0,3.0,3.0,26.6,False,7550.474471376999,Large
PROP0315,Whitefield,Villa,14261917.0,1900.0,3.0,3.0,15.2,False,7506.272105263158,Large
PROP0316,Whitefield,Apartment,13379654.0,1560.0,2.0,1.0,6.0,False,8576.701282051283,Large
PROP0317,Whitefield,Apartment,14267565.0,1911.0,3.0,2.0,1.6,False,7466.0204081632655,Large
PROP0318,Hsr Layout,Independent House,17380397.0,1705.0,2.0,2.0,1.0,False,10193.781231671554,Large
PROP0319,Whitefield,Apartment,11506834.5,2074.0,3.0,3.0,6.7,False,5548.136210221794,Large
PROP0320,Electronic City,Apartment,9591899.0,1600.0,3.0,2.0,13.5,False,5994.936875,Large
PROP0321,Electronic City,Apartment,6553961.0,1265.0,2.0,1.0,18.6,False,5180.996837944664,Medium
PROP0322,Koramangala,Independent House,18820935.0,1625.0,3.0,2.0,21.4,False,11582.113846153847,Large
PROP0323,Whitefield,Independent House,1201492.0,350.0,1.0,1.0,12.7,False,3432.8342857142857,Small
PROP0324,Koramangala,Apartment,20717984.0,1649.0,3.0,4.0,11.4,False,12563.96846573681,Large
PROP0325,Jayanagar,Independent House,3008067.0,350.0,1.0,1.0,8.0,False,8594.477142857142,Small
PROP0326,Hsr Layout,Independent House,4702298.0,554.0,1.0,2.0,13.8,False,8487.902527075812,Small
PROP0327,Jayanagar,Studio,17144724.0,1685.0,3.0,3.0,6.0,False,10174.910385756677,Large
PROP0328,Koramangala,Independent House,20094137.0,1698.0,3.0,4.0,3.6,False,11834.002944640753,Large
PROP0329,Hsr Layout,Apartment,9162619.0,846.0,1.0,1.0,10.9,False,10830.518912529551,Medium
PROP0330,Whitefield,Studio,7612728.0,1080.0,2.0,2.0,17.6,False,7048.822222222222,Medium
PROP0331,Jayanagar,Apartment,22302623.0,2163.0,2.0,5.0,2.9,False,10310.967637540452,Large
PROP0332,Whitefield,Villa,9759382.0,1198.0,2.0,2.0,6.7,False,8146.395659432387,Medium
PROP0333,Hsr Layout,Apartment,25903357.0,2616.0,4.0,5.0,10.6,False,9901.89487767584,Very Large
PROP0334,Electronic City,Villa,7794754.0,1449.0,2.0,1.0,10.6,False,5379.402346445825,Large
PROP0335,Indiranagar,Independent House,18621084.0,1662.0,3.0,2.0,14.9,False,11204.02166064982,Large
PROP0336,Hsr Layout,Apartment,22955396.0,2291.0,4.0,5.0,32.0,False,10019.814927979049,Very Large
PROP0337,Indiranagar,Independent House,16565677.0,1518.0,2.0,1.0,1.0,False,10912.83069828722,Large
PROP0338,Hsr Layout,Apartment,10517869.0,929.0,2.0,3.0,32.9,False,11321.710441334768,Medium
PROP0339,Indiranagar,Apartment,13805442.0,1393.0,2.0,3.0,10.6,False,9910.582914572864,Medium
PROP0340,Electronic City,Apartment,8235351.0,1431.0,2.0,3.0,18.8,False,5754.962264150943,Large
PROP0341,Indiranagar,Studio,8710425.0,740.0,1.0,1.0,12.0,False,11770.844594594595,Small
PROP0342,Electronic City,Apartment,8455023.0,1317.0,4.0,5.0,6.1,False,6419.911161731207,Medium
PROP0343,Jayanagar,Apartment,10026195.0,1064.0,1.0,1.0,18.6,False,9423.11560150376,Medium
PROP0344,Hsr Layout,Apartment,14482705.5,1931.0,3.0,3.0,12.5,False,7500.106421543242,Large
PROP0345,Jayanagar,Apartment,13018187.0,1468.0,2.0,1.0,8.1,False,8867.974795640326,Large
PROP0346,Jayanagar,Apartment,11929091.0,1303.0,2.0,3.0,18.3,False,9155.096699923253,Medium
PROP0347,Electronic City,Independent House,8102401.0,1395.0,2.0,3.0,20.4,False,5808.172759856631,Medium
PROP0348,Whitefield,Villa,11985203.0,1503.0,3.0,4.0,25.1,False,7974.186959414505,Large
PROP0349,Hsr Layout,Studio,18482368.0,1771.0,3.0,4.0,5.6,False,10436.119706380576,Large
PROP0350,Indiranagar,Apartment,10819998.0,930.0,2.0,1.0,23.0,False,11634.406451612904,Medium
PROP0351,Hsr Layout,Independent House,8688853.0,908.0,2.0,1.0,8.2,False,9569.221365638767,Medium
PROP0352,Whitefield,Apartment,15509577.0,1503.0,2.0,3.0,12.1,False,10319.079840319362,Large
PROP0353,Koramangala,Apartment,15541936.0,1432.0,3.0,3.0,13.8,False,10853.307262569833,Large
PROP0354,Hsr Layout,Apartment,6927862.0,713.0,1.0,1.0,21.8,False,9716.496493688639,Small
PROP0355,Koramangala,Apartment,17065078.0,1681.0,3.0,4.0,17.0,False,10151.741820345032,Large
PROP0356,Koramangala,Apartment,21442541.0,1691.0,2.0,3.0,8.0,False,12680.390892962743,Large
PROP0357,Jayanagar,Villa,6610652.0,654.0,1.0,1.0,1.1,False,10108.030581039755,Small
PROP0358,Jayanagar,Apartment,16334289.0,1569.0,3.0,4.0,14.8,False,10410.636711281071,Large
PROP0359,Koramangala,Apartment,21389122.0,1833.0,3.0,2.0,11.7,False,11668.915439170758,Large
PROP0360,Hsr Layout,Villa,17222749.0,1645.0,3.0,2.0,3.4,False,10469.756231003039,Large
PROP0361,Electronic City,Independent House,8235351.0,1779.0,3.0,2.0,12.7,False,4629.202360876897,Large
PROP0362,Indiranagar,Apartment,7259509.0,720.0,1.0,1.0,10.5,False,10082.65138888889,Small
PROP0363,Indiranagar,Apartment,17760357.0,1622.0,3.0,2.0,24.9,False,10949.66522811344,Large
PROP0364,Indiranagar,Apartment,12760554.0,1293.0,2.0,1.0,34.3,False,9868.951276102089,Medium
PROP0365,Hsr Layout,Apartment,14482705.5,1199.0,2.0,3.0,20.1,False,12078.987072560467,Medium
PROP0366,Koramangala,Apartment,23810596.0,1903.0,3.0,4.0,10.0,False,12512.1366263794,Large
PROP0367,Jayanagar,Apartment,21223924.0,2219.0,4.0,5.0,11.2,False,9564.634520054078,Very Large
PROP0368,Hsr Layout,Villa,23552875.0,2383.0,3.0,4.0,5.4,False,9883.707511540075,Very Large
PROP0369,Whitefield,Apartment,15940604.0,2134.0,4.0,5.0,6.3,False,7469.823805060919,Large
PROP0370,Electronic City,Apartment,8674985.0,1393.0,2.0,2.0,9.6,False,6227.555635319454,Medium
PROP0371,Jayanagar,Apartment,15921093.0,1633.0,3.0,3.0,8.9,False,9749.597672994489,Large
PROP0372,Whitefield,Independent House,12532480.0,1849.0,3.0,2.0,3.2,False,6777.977285018929,Large
PROP0373,Indiranagar,Apartment,12586876.0,1513.0,3.0,3.0,25.1,False,8319.151354923992,Large
PROP0374,Whitefield,Apartment,11495102.0,1518.0,2.0,1.0,27.4,False,7572.530961791831,Large
PROP0375,Indiranagar,Apartment,19571219.0,1878.0,3.0,4.0,24.6,False,10421.309371671992,Large
PROP0376,Indiranagar,Villa,16070924.0,1419.0,2.0,1.0,28.0,False,11325.527836504582,Large
PROP0377,Electronic City,Independent House,5388080.0,1071.0,2.0,3.0,40.7,False,5030.887021475257,Medium
PROP0378,Koramangala,Apartment,14857802.0,1234.0,2.0,2.0,5.5,False,12040.358184764991,Medium
PROP0379,Whitefield,Apartment,12726012.0,1780.0,2.0,4.0,39.6,False,7149.444943820225,Large
PROP0380,Hsr Layout,Apartment,16400418.0,1452.0,2.0,1.0,8.0,False,11295.053719008265,Large
PROP0381,Koramangala,Apartment,20935836.0,1627.0,2.0,2.0,16.3,False,12867.754148740012,Large
PROP0382,Electronic City,Independent House,11027692.0,1798.0,3.0,3.0,2.5,False,6133.310344827586,Large
PROP0383,Jayanagar,Apartment,12492464.0,1255.0,1.0,1.0,7.2,False,9954.154581673307,Medium
PROP0384,Koramangala,Apartment,23378898.0,1843.0,3.0,2.0,20.5,False,12685.240368963647,Large
PROP0385,Whitefield,Studio,11861533.0,1647.0,3.0,4.0,16.9,False,7201.902246508804,Large
PROP0386,Electronic City,Studio,5228537.0,1401.0,2.0,2.0,7.8,False,3732.003568879372,Large
PROP0387,Hsr Layout,Apartment,22381677.0,2200.0,3.0,4.0,11.2,False,10173.489545454546,Large
PROP0388,Electronic City,Apartment,7336363.0,1190.0,2.0,2.0,6.6,False,6165.010924369748,Medium
PROP0389,Indiranagar,Apartment,5954090.0,589.0,2.0,1.0,20.4,False,10108.811544991511,Small
PROP0390,Electronic City,Studio,5771935.0,907.0,2.0,3.0,10.6,False,6363.765159867696,Medium
PROP0391,Hsr Layout,Villa,9642154.0,919.0,1.0,1.0,5.5,False,10492.006528835691,Medium
PROP0392,Indiranagar,Villa,13820264.0,1477.0,3.0,2.0,10.4,False,9356.98307379824,Large
PROP0393,Hsr Layout,Studio,13823323.0,1308.0,2.0,3.0,3.1,False,10568.289755351681,Medium
PROP0394,Hsr Layout,Apartment,13608901.0,1275.0,2.0,3.0,12.5,False,10673.647843137254,Medium
PROP0395,Indiranagar,Apartment,19728895.0,1772.0,3.0,4.0,15.2,False,11133.687923250563,Large
PROP0396,Koramangala,Apartment,19681989.0,1627.0,3.0,3.0,13.2,False,12097.104486785494,Large
PROP0397,Jayanagar,Independent House,16818822.0,1614.0,2.0,3.0,14.4,False,10420.583643122676,Large
PROP0398,Whitefield,Apartment,13118256.0,1503.0,3.0,2.0,9.6,False,8728.047904191617,Large
PROP0399,Koramangala,Apartment,22232738.0,1770.0,3.0,4.0,9.7,False,12560.868926553672,Large
PROP0400,Koramangala,Apartment,5041913.0,354.0,1.0,1.0,9.4,False,14242.69209039548,Small
PROP0401,Whitefield,Villa,9921345.0,1260.0,1.0,1.0,7.0,False,7874.083333333333,Medium
PROP0402,Electronic City,Studio,1425407.0,350.0,1.0,1.0,7.7,False,4072.5914285714284,Small
PROP0403,Jayanagar,Villa,12272575.0,1469.0,3.0,3.0,14.7,False,8354.373723621511,Large
PROP0404,Indiranagar,Apartment,14794351.0,1448.0,2.0,1.0,25.1,False,10217.093232044199,Large
PROP0405,Electronic City,Independent House,12413328.0,1401.0,3.0,3.0,4.7,False,8860.334047109207,Large
PROP0406,Electronic City,Studio,11831221.0,2068.0,3.0,3.0,9.7,False,5721.09332688588,Large
PROP0407,Whitefield,Villa,12621348.0,1555.0,2.0,1.0,3.9,False,8116.622508038585,Large
PROP0408,Jayanagar,Villa,11676113.0,1190.0,2.0,1.0,7.1,False,9811.859663865545,Medium
PROP0409,Indiranagar,Independent House,19336398.0,1702.0,3.0,4.0,8.1,False,11360.985898942421,Large
PROP0410,Electronic City,Independent House,6709453.0,1175.0,2.0,2.0,11.8,False,5710.172765957447,Medium
PROP0411,Hsr Layout,Apartment,15479039.0,1449.0,3.0,3.0,11.6,False,10682.566597653555,Large
PROP0412,Hsr Layout,Apartment,20713380.0,1963.0,3.0,3.0,10.3,False,10551.900152827306,Large
PROP0413,Indiranagar,Apartment,13643994.0,1160.0,2.0,2.0,13.9,False,11762.063793103449,Medium
PROP0414,Electronic City,Studio,9872796.0,1401.0,3.0,3.0,5.1,False,7046.9635974304065,Large
PROP0415,Indiranagar,Villa,19235541.0,1802.0,3.0,3.0,11.9,False,10674.551054384017,Large
PROP0416,Whitefield,Apartment,7715760.0,954.0,1.0,2.0,17.2,False,8087.798742138365,Medium
PROP0417,Indiranagar,Apartment,22457749.0,1956.0,3.0,4.0,5.1,False,11481.466768916156,Large
PROP0418,Jayanagar,Independent House,13828285.0,1813.0,2.0,1.0,2.0,False,7627.294539437396,Large
PROP0419,Whitefield,Independent House,11421803.0,1503.0,2.0,3.0,20.3,False,7599.336660013307,Large
PROP0420,Electronic City,Independent House,6781647.0,1054.0,1.0,2.0,4.0,False,6434.200189753321,Medium
PROP0421,Hsr Layout,Apartment,11038255.0,1003.0,2.0,1.0,6.8,False,11005.23928215354,Medium
PROP0422,Indiranagar,Studio,12453380.0,1170.0,2.0,3.0,16.9,False,10643.91452991453,Medium
PROP0423,Indiranagar,Studio,19217832.0,1732.0,4.0,4.0,4.9,False,11095.745958429561,Large
PROP0424,Indiranagar,Apartment,11148371.0,953.0,1.0,2.0,19.4,False,11698.18572927597,Medium
PROP0425,Hsr Layout,Apartment,18820168.0,1678.0,3.0,3.0,6.0,False,11215.833134684148,Large
PROP0426,Jayanagar,Independent House,8309715.0,804.0,1.0,2.0,5.4,False,10335.466417910447,Medium
PROP0427,Whitefield,Apartment,11506834.5,1344.0,2.0,1.0,3.9,False,8561.6328125,Medium
PROP0428,Jayanagar,Apartment,14550642.0,1507.0,3.0,2.0,6.1,False,9655.369608493696,Large
PROP0429,Indiranagar,Villa,29570449.0,2721.0,3.0,4.0,15.4,True,10867.493201029034,Very Large
PROP0430,Jayanagar,Villa,7044215.0,734.0,2.0,1.0,6.8,False,9597.023160762943,Small
PROP0431,Electronic City,Apartment,12752281.0,2215.0,5.0,5.0,20.4,False,5757.237471783295,Very Large
PROP0432,Jayanagar,Villa,13828285.0,1528.0,2.0,1.0,10.6,False,9049.924738219896,Large
PROP0433,Hsr Layout,Apartment,18204557.0,1664.0,2.0,2.0,11.3,False,10940.23858173077,Large
PROP0434,Jayanagar,Studio,13790871.0,1512.0,3.0,4.0,5.3,False,9120.94642857143,Large
PROP0435,Indiranagar,Apartment,17700828.0,1681.0,3.0,2.0,22.4,False,10529.939321832242,Large
PROP0436,Whitefield,Villa,10310983.0,1370.0,2.0,2.0,17.3,False,7526.26496350365,Medium
PROP0437,Indiranagar,Studio,24465411.0,2206.0,3.0,2.0,17.0,False,11090.394832275611,Very Large
PROP0438,Koramangala,Apartment,14569030.0,1213.0,2.0,1.0,9.2,False,12010.741962077494,Medium
PROP0439,Jayanagar,Apartment,19480234.0,2039.0,3.0,2.0,3.5,False,9553.817557626287,Large
PROP0440,Hsr Layout,Studio,11079827.0,1115.0,1.0,2.0,11.7,False,9937.06457399103,Medium
PROP0441,Electronic City,Apartment,9627923.0,1419.0,2.0,3.0,14.9,False,6785.00563777308,Large
PROP0442,Indiranagar,Apartment,7500067.0,893.0,1.0,1.0,15.0,False,8398.73124300112,Medium
PROP0443,Jayanagar,Apartment,15635884.0,1687.0,3.0,3.0,13.7,False,9268.455245998815,Large
PROP0444,Whitefield,Independent House,18606909.0,2201.0,4.0,4.0,13.3,False,8453.843253066787,Very Large
PROP0445,Whitefield,Apartment,11229370.0,1410.0,2.0,2.0,6.0,False,7964.09219858156,Large
PROP0446,Hsr Layout,Apartment,13327733.0,1348.0,3.0,4.0,6.3,False,9887.04228486647,Medium
PROP0447,Electronic City,Independent House,5168917.0,870.0,1.0,1.0,3.9,False,5941.283908045977,Medium
PROP0448,Hsr Layout,Apartment,13463173.0,1331.0,2.0,1.0,20.5,False,10115.081141998497,Medium
PROP0449,Indiranagar,Apartment,7144251.0,622.0,2.0,2.0,33.4,False,11485.934083601287,Small
PROP0450,Hsr Layout,Apartment,11286652.0,975.0,2.0,2.0,45.0,False,11576.053333333333,Medium
PROP0451,Indiranagar,Apartment,17500691.0,1568.0,3.0,2.0,10.6,False,11161.154974489797,Large
PROP0452,Electronic City,Apartment,12229151.0,2136.0,3.0,4.0,13.3,False,5725.257958801498,Large
PROP0453,Hsr Layout,Villa,30552670.0,2911.0,5.0,4.0,9.4,True,10495.59257986946,Very Large
PROP0454,Whitefield,Apartment,8254869.0,1145.0,2.0,1.0,12.2,False,7209.492576419214,Medium
PROP0455,Indiranagar,Villa,23381783.0,2196.0,4.0,4.0,4.8,False,10647.442167577414,Large
PROP0456,Whitefield,Apartment,10912208.0,1577.0,3.0,3.0,9.3,False,6919.599239061509,Large
PROP0457,Electronic City,Apartment,7082654.0,1371.0,2.0,1.0,5.5,False,5166.0495988329685,Medium
PROP0458,Koramangala,Apartment,20164486.0,1675.0,3.0,2.0,8.4,False,12038.499104477612,Large
PROP0459,Jayanagar,Apartment,13514754.0,1482.0,2.0,1.0,5.9,False,9119.267206477733,Large
PROP0460,Hsr Layout,Villa,15827259.0,1507.0,2.0,2.0,14.9,False,10502.494359654944,Large
PROP0461,Hsr Layout,Apartment,11814007.0,1238.0,2.0,2.0,16.2,False,9542.816639741519,Medium
PROP0462,Indiranagar,Apartment,5464947.0,723.0,1.0,1.0,13.0,False,7558.709543568465,Small
PROP0463,Electronic City,Apartment,3113698.0,647.0,1.0,1.0,6.3,False,4812.516228748068,Small
PROP0464,Whitefield,Studio,13534283.0,1790.0,3.0,4.0,3.7,False,7561.051955307263,Large
PROP0465,Hsr Layout,Apartment,13241104.0,1306.0,2.0,1.0,16.4,False,10138.67075038285,Medium
PROP0466,Hsr Layout,Studio,12966438.0,1140.0,2.0,3.0,10.6,False,11374.068421052632,Medium
PROP0467,Hsr Layout,Apartment,14833154.0,1454.0,3.0,2.0,1.9,False,10201.618982118294,Large
PROP0468,Electronic City,Apartment,11497833.0,1863.0,3.0,2.0,11.7,False,6171.676328502415,Large
PROP0469,Indiranagar,Villa,16397942.0,1544.0,2.0,1.0,13.4,False,10620.428756476684,Large
PROP0470,Koramangala,Apartment,13810695.0,1109.0,2.0,1.0,2.6,False,12453.286744815148,Medium
PROP0471,Koramangala,Apartment,25251521.0,2088.0,3.0,2.0,15.1,False,12093.640325670498,Large
PROP0472,Koramangala,Independent House,28264975.0,2271.0,4.0,4.0,10.6,False,12446.047996477322,Very Large
PROP0473,Indiranagar,Apartment,18052341.0,1707.0,3.0,3.0,5.7,False,10575.478031634446,Large
PROP0474,Indiranagar,Apartment,21515696.0,1956.0,3.0,4.0,3.1,False,10999.844580777097,Large
PROP0475,Whitefield,Apartment,16005312.0,2096.0,4.0,4.0,10.6,False,7636.12213740458,Large
PROP0476,Whitefield,Apartment,15072528.0,2038.0,3.0,3.0,3.7,False,7395.744847890089,Large
PROP0477,Koramangala,Studio,22410600.0,1769.0,3.0,3.0,20.5,False,12668.513284341436,Large
PROP0478,Hsr Layout,Apartment,18469451.0,1761.0,3.0,2.0,8.8,False,10488.047132311187,Large
PROP0479,Hsr Layout,Independent House,17523248.0,1720.0,3.0,4.0,7.4,False,10187.93488372093,Large
PROP0480,Koramangala,Villa,10875028.0,879.0,2.0,1.0,21.7,False,12372.04550625711,Medium
PROP0481,Koramangala,Independent House,21324262.0,1814.0,3.0,4.0,21.0,False,11755.381477398016,Large
PROP0482,Whitefield,Studio,5190355.0,745.0,2.0,3.0,7.9,False,6966.919463087248,Small
PROP0483,Hsr Layout,Independent House,10636611.0,1037.0,3.0,4.0,12.9,False,10257.098360655738,Medium
PROP0484,Whitefield,Apartment,15920714.0,2128.0,3.0,3.0,6.7,False,7481.538533834587,Large
PROP0485,Indiranagar,Apartment,19535403.0,1887.0,3.0,2.0,9.8,False,10352.62480127186,Large
PROP0486,Koramangala,Apartment,26469962.0,2223.0,3.0,4.0,4.3,False,11907.31533963113,Very Large
PROP0487,Koramangala,Villa,15884195.0,1309.0,2.0,1.0,14.2,False,12134.602750190985,Medium
PROP0488,Indiranagar,Apartment,6666096.0,851.0,1.0,1.0,22.3,False,7833.250293772033,Medium
PROP0489,Hsr Layout,Villa,12789452.0,1325.0,2.0,3.0,19.8,False,9652.416603773585,Medium
PROP0490,Koramangala,Apartment,20244708.0,1503.0,2.0,3.0,10.9,False,13469.532934131737,Large
PROP0491,Hsr Layout,Studio,16214627.0,1491.0,2.0,3.0,1.7,False,10875.001341381623,Large
PROP0492,Hsr Layout,Apartment,14482705.5,2040.0,3.0,2.0,6.4,False,7099.365441176471,Large
PROP0493,Hsr Layout,Independent House,13579394.0,1262.0,2.0,3.0,9.8,False,10760.217115689382,Medium
PROP0494,Whitefield,Apartment,13926558.0,1633.0,2.0,1.0,3.3,False,8528.204531537049,Large
PROP0495,Jayanagar,Apartment,8596887.0,936.0,3.0,3.0,2.8,False,9184.708333333334,Medium
PROP0496,Koramangala,Studio,18456209.0,1684.0,3.0,4.0,26.3,False,10959.74406175772,Large
PROP0497,Koramangala,Studio,16886165.0,1452.0,2.0,2.0,10.6,False,11629.590220385675,Large
PROP0498,Hsr Layout,Villa,11123594.0,1060.0,1.0,2.0,14.9,False,10493.956603773586,Medium
PROP0499,Whitefield,Independent House,9993771.0,1327.0,3.0,3.0,16.9,False,7531.1009796533535,Medium
PROP0500,Koramangala,Apartment,17046018.0,1354.0,3.0,2.0,3.8,False,12589.378138847858,Medium
PROP0501,Jayanagar,Studio,13562274.0,1310.0,2.0,1.0,5.1,False,10352.880916030534,Medium
PROP0502,Electronic City,Apartment,14413725.0,2371.0,3.0,3.0,12.3,False,6079.175453395192,Very Large
PROP0503,Electronic City,Apartment,8782119.0,1399.0,2.0,3.0,13.0,False,6277.426018584703,Medium
PROP0504,Koramangala,Apartment,15808330.0,1323.0,2.0,2.0,3.1,False,11948.851095993954,Medium
PROP0505,Koramangala,Apartment,16193803.5,359.0,1.0,2.0,11.7,False,45108.08774373259,Small
PROP0506,Jayanagar,Apartment,10521601.0,985.0,2.0,2.0,9.9,False,10681.82842639594,Medium
PROP0507,Whitefield,Studio,9878366.0,1313.0,2.0,1.0,19.4,False,7523.507996953542,Medium
PROP0508,Jayanagar,Apartment,10015551.0,1093.0,1.0,1.0,13.1,False,9163.358645928636,Medium
PROP0509,Koramangala,Independent House,25689481.0,2168.0,3.0,3.0,28.2,False,11849.39160516605,Large
PROP0510,Indiranagar,Apartment,14369886.0,1364.0,3.0,4.0,7.9,False,10535.107038123168,Medium
PROP0511,Indiranagar,Apartment,22679248.0,2120.0,4.0,5.0,4.1,False,10697.758490566037,Large
PROP0512,Jayanagar,Villa,13601599.0,1482.0,3.0,2.0,27.8,False,9177.867071524966,Large
PROP0513,Indiranagar,Apartment,14782590.0,1469.0,2.0,2.0,13.5,False,10063.029271613343,Large
PROP0514,Whitefield,Apartment,10532806.0,1404.0,2.0,3.0,10.0,False,7501.9985754985755,Large
PROP0515,Whitefield,Villa,10783529.0,1452.0,3.0,3.0,5.3,False,7426.672865013774,Large
PROP0516,Whitefield,Apartment,18707101.0,2344.0,3.0,2.0,8.0,False,7980.845136518771,Very Large
PROP0517,Whitefield,Apartment,2910576.0,350.0,1.0,1.0,7.7,False,8315.931428571428,Small
PROP0518,Jayanagar,Villa,4171069.0,409.0,1.0,1.0,3.9,False,10198.212713936431,Small
PROP0519,Indiranagar,Apartment,12321365.0,1168.0,2.0,1.0,1.2,False,10549.113869863013,Medium
PROP0520,Jayanagar,Studio,14075461.0,1458.0,2.0,2.0,7.5,False,9653.951303155007,Large
PROP0521,Electronic City,Studio,10840251.0,1809.0,3.0,2.0,17.2,False,5992.399668325042,Large
PROP0522,Whitefield,Apartment,60713811.0,1696.0,3.0,3.0,23.5,True,35798.237617924526,Large
PROP0523,Indiranagar,Apartment,13660779.0,1250.0,2.0,2.0,19.9,False,10928.6232,Medium
PROP0524,Hsr Layout,Apartment,20656165.0,1980.0,3.0,3.0,20.6,False,10432.406565656565,Large
PROP0525,Indiranagar,Villa,21725283.0,1986.0,3.0,3.0,4.3,False,10939.216012084593,Large
PROP0526,Whitefield,Apartment,12423671.0,1546.0,3.0,2.0,12.5,False,8036.009702457956,Large
PROP0527,Electronic City,Independent House,11228786.0,1951.0,3.0,4.0,15.0,False,5755.400307534597,Large
PROP0528,Electronic City,Apartment,8040375.0,1592.0,3.0,4.0,15.7,False,5050.486809045226,Large
PROP0529,Jayanagar,Villa,11390152.0,1158.0,2.0,2.0,9.8,False,9836.055267702935,Medium
PROP0530,Whitefield,Apartment,14417887.0,1813.0,3.0,4.0,11.4,False,7952.502482073911,Large
PROP0531,Hsr Layout,Apartment,15694204.0,1423.0,2.0,2.0,19.5,False,11028.955727336614,Large
PROP0532,Hsr Layout,Apartment,15523611.0,1451.0,3.0,4.0,14.7,False,10698.560303239145,Large
PROP0533,Whitefield,Apartment,16262859.0,2216.0,4.0,4.0,16.5,False,7338.835288808665,Very Large
PROP0534,Hsr Layout,Independent House,3104573.0,350.0,1.0,1.0,7.3,False,8870.208571428571,Small
PROP0535,Indiranagar,Apartment,8057956.0,713.0,2.0,3.0,15.9,False,11301.481065918653,Small
PROP0536,Whitefield,Apartment,6747930.0,833.0,1.0,1.0,11.3,False,8100.756302521008,Medium
PROP0537,Koramangala,Apartment,14919995.0,1261.0,1.0,2.0,18.2,False,11831.875495638382,Medium
PROP0538,Indiranagar,Apartment,15035822.5,1318.0,2.0,2.0,6.0,False,11408.059559939302,Medium
PROP0539,Indiranagar,Independent House,6383969.0,666.0,1.0,2.0,17.2,False,9585.539039039038,Small
PROP0540,Jayanagar,Independent House,8692781.0,938.0,2.0,2.0,8.1,False,9267.357142857143,Medium
PROP0541,Electronic City,Independent House,6960275.0,1002.0,1.0,1.0,10.6,False,6946.382235528942,Medium
PROP0542,Koramangala,Apartment,34386721.0,2728.0,5.0,4.0,12.6,True,12605.103005865103,Very Large
PROP0543,Jayanagar,Apartment,23126422.0,2387.0,4.0,5.0,10.8,False,9688.488479262673,Very Large
PROP0544,Electronic City,Studio,33933384.0,1236.0,2.0,1.0,8.4,True,27454.194174757282,Medium
PROP0545,Indiranagar,Apartment,13755237.0,1261.0,2.0,2.0,10.0,False,10908.197462331484,Medium
PROP0546,Koramangala,Villa,8622189.0,852.0,1.0,1.0,7.6,False,10119.94014084507,Medium
PROP0547,Koramangala,Apartment,4950648.0,458.0,1.0,1.0,8.3,False,10809.275109170305,Small
PROP0548,Indiranagar,Apartment,14779630.0,1389.0,3.0,2.0,14.4,False,10640.482361411086,Medium
PROP0549,Jayanagar,Independent House,8814025.0,931.0,2.0,2.0,2.2,False,9467.266380236306,Medium
PROP0550,Koramangala,Apartment,17479733.0,1406.0,2.0,2.0,17.1,False,12432.24253200569,Large
PROP0551,Koramangala,Independent House,8197329.0,618.0,1.0,1.0,17.3,False,13264.286407766991,Small
PROP0552,Indiranagar,Apartment,11199944.0,1054.0,2.0,1.0,8.6,False,10626.132827324478,Medium
PROP0553,Whitefield,Apartment,10917550.0,1527.0,3.0,4.0,11.7,False,7149.672560576293,Large
PROP0554,Electronic City,Apartment,9930173.0,1640.0,2.0,1.0,4.8,False,6054.983536585366,Large
PROP0555,Indiranagar,Apartment,17614237.0,1667.0,3.0,2.0,13.8,False,10566.428914217156,Large
PROP0556,Whitefield,Apartment,5759370.0,763.0,2.0,2.0,5.3,False,7548.322411533421,Small
PROP0557,Whitefield,Apartment,14559343.0,1894.0,3.0,2.0,0.4,False,7687.087117212249,Large
PROP0558,Koramangala,Villa,14379604.0,1034.0,1.0,1.0,22.9,False,13906.773694390715,Medium
PROP0559,Hsr Layout,Independent House,16941293.0,1779.0,3.0,2.0,4.4,False,9522.93029792018,Large
PROP0560,Koramangala,Apartment,17525556.0,1444.0,3.0,3.0,9.9,False,12136.811634349031,Large
PROP0561,Indiranagar,Apartment,7807926.0,734.0,1.0,2.0,12.0,False,10637.50136239782,Small
PROP0562,Whitefield,Apartment,9132019.0,1286.0,2.0,2.0,14.4,False,7101.103421461898,Medium
PROP0563,Jayanagar,Studio,16649083.0,1640.0,3.0,4.0,10.5,False,10151.879878048781,Large
PROP0564,Indiranagar,Apartment,19046189.0,1769.0,4.0,5.0,12.7,False,10766.641605426796,Large
PROP0565,Hsr Layout,Apartment,14396221.0,1377.0,2.0,1.0,8.5,False,10454.771968046478,Medium
PROP0566,Hsr Layout,Apartment,23305277.0,2247.0,3.0,3.0,2.7,False,10371.729862038273,Very Large
PROP0567,Jayanagar,Apartment,19218072.0,1974.0,3.0,2.0,10.2,False,9735.598784194528,Large
PROP0568,Indiranagar,Apartment,13914406.0,1317.0,3.0,3.0,15.7,False,10565.228549734244,Medium
PROP0569,Whitefield,Apartment,14188505.0,1840.0,2.0,1.0,4.6,False,7711.14402173913,Large
PROP0570,Koramangala,Independent House,29634849.0,2456.0,4.0,5.0,12.1,True,12066.306596091204,Very Large
PROP0571,Whitefield,Apartment,18923677.0,1503.0,3.0,2.0,31.8,False,12590.603459747172,Large
PROP0572,Jayanagar,Apartment,8358927.0,811.0,1.0,1.0,9.7,False,10306.938347718866,Medium
PROP0573,Koramangala,Apartment,11198308.0,968.0,1.0,2.0,10.1,False,11568.5,Medium
PROP0574,Jayanagar,Apartment,20898885.0,2222.0,4.0,5.0,2.5,False,9405.438793879388,Very Large
PROP0575,Electronic City,Apartment,4162503.0,1401.0,2.0,3.0,4.1,False,2971.0942184154173,Large
PROP0576,Koramangala,Apartment,10119239.0,762.0,1.0,2.0,5.4,False,13279.841207349082,Small
PROP0577,Electronic City,Apartment,8235351.0,1197.0,2.0,2.0,15.3,False,6879.992481203008,Medium
PROP0578,Hsr Layout,Villa,17667091.0,1669.0,3.0,2.0,4.9,False,10585.434991012582,Large
PROP0579,Electronic City,Apartment,7375412.0,1397.0,3.0,4.0,1.7,False,5279.464566929134,Medium
PROP0580,Whitefield,Independent House,9703941.0,1112.0,2.0,2.0,13.6,False,8726.565647482015,Medium
PROP0581,Koramangala,Apartment,13138407.0,1099.0,2.0,3.0,5.8,False,11954.874431301183,Medium
PROP0582,Koramangala,Apartment,13534416.0,1080.0,2.0,3.0,2.6,False,12531.866666666667,Medium
PROP0583,Indiranagar,Independent House,11414073.0,993.0,2.0,2.0,16.6,False,11494.534743202417,Medium
PROP0584,Koramangala,Studio,144978786.0,2636.0,2.0,6.0,7.8,True,54999.539453717756,Very Large
PROP0585,Electronic City,Apartment,9058628.0,1605.0,2.0,3.0,14.4,False,5644.004984423676,Large
PROP0586,Hsr Layout,Independent House,20161880.0,1911.0,3.0,3.0,2.5,False,10550.434327577184,Large
PROP0587,Whitefield,Apartment,11506834.5,1196.0,2.0,1.0,1.0,False,9621.099080267559,Medium
PROP0588,Whitefield,Apartment,10639245.0,1353.0,3.0,2.0,11.3,False,7863.447893569844,Medium
PROP0589,Whitefield,Independent House,9494929.0,1079.0,2.0,2.0,4.0,False,8799.748841519926,Medium
PROP0590,Indiranagar,Studio,4679348.0,350.0,1.0,1.0,11.2,False,13369.565714285714,Small
PROP0591,Electronic City,Apartment,4573343.0,733.0,1.0,1.0,11.3,False,6239.212824010914,Small
PROP0592,Koramangala,Apartment,5627010.0,508.0,1.0,1.0,10.3,False,11076.791338582678,Small
PROP0593,Whitefield,Apartment,3357713.0,350.0,1.0,2.0,20.5,False,9593.465714285714,Small
PROP0594,Hsr Layout,Apartment,7566091.0,828.0,1.0,2.0,45.0,False,9137.791062801933,Medium
PROP0595,Indiranagar,Independent House,23726131.0,2139.0,4.0,3.0,13.4,False,11092.160355306218,Large
PROP0596,Whitefield,Apartment,10542532.0,1427.0,3.0,3.0,31.8,False,7387.899088997898,Large
PROP0597,Hsr Layout,Apartment,20320251.0,2121.0,3.0,2.0,7.9,False,9580.50495049505,Large
PROP0598,Hsr Layout,Apartment,17228142.0,1664.0,2.0,3.0,3.3,False,10353.450721153846,Large
PROP0599,Electronic City,Apartment,11531057.0,1857.0,3.0,4.0,6.1,False,6209.5083467959075,Large
PROP0600,Hsr Layout,Apartment,10101082.0,982.0,1.0,2.0,8.3,False,10286.234215885946,Medium
PROP0601,Koramangala,Independent House,21558194.0,1432.0,2.0,2.0,33.5,False,15054.604748603351,Large
PROP0602,Jayanagar,Villa,16823799.0,1829.0,3.0,3.0,10.8,False,9198.359212684527,Large
PROP0603,Electronic City,Villa,5724152.0,1150.0,3.0,4.0,21.0,False,4977.5234782608695,Medium
PROP0604,Hsr Layout,Apartment,18158325.0,1741.0,4.0,4.0,7.4,False,10429.824813325675,Large
PROP0605,Electronic City,Apartment,10370976.0,1744.0,2.0,2.0,6.7,False,5946.660550458716,Large
PROP0606,Jayanagar,Apartment,11144784.0,1164.0,2.0,3.0,2.4,False,9574.556701030928,Medium
PROP0607,Electronic City,Apartment,5556135.0,866.0,2.0,2.0,32.8,False,6415.860277136258,Medium
PROP0608,Indiranagar,Apartment,8558523.0,834.0,1.0,2.0,25.6,False,10262.01798561151,Medium
PROP0609,Jayanagar,Villa,14479074.0,1495.0,3.0,3.0,12.1,False,9684.99933110368,Large
PROP0610,Koramangala,Independent House,19892003.0,1620.0,2.0,3.0,8.6,False,12279.014197530863,Large
PROP0611,Koramangala,Apartment,11854993.0,1038.0,2.0,1.0,11.1,False,11420.995183044315,Medium
PROP0612,Hsr Layout,Apartment,14421346.0,1464.0,2.0,1.0,3.2,False,9850.646174863388,Large
PROP0613,Electronic City,Villa,10314179.0,1747.0,3.0,2.0,14.4,False,5903.937607326846,Large
PROP0614,Electronic City,Apartment,11343331.0,1771.0,2.0,2.0,24.3,False,6405.042913608131,Large
PROP0615,Whitefield,Independent House,17298756.0,2257.0,4.0,5.0,10.6,False,7664.490917146655,Very Large
PROP0616,Jayanagar,Apartment,19408446.0,2114.0,4.0,3.0,2.5,False,9180.911069063386,Large
PROP0617,Jayanagar,Apartment,6483051.0,929.0,1.0,1.0,20.9,False,6978.526372443488,Medium
PROP0618,Whitefield,Apartment,18505898.0,1503.0,3.0,4.0,3.2,False,12312.64005322688,Large
PROP0619,Indiranagar,Independent House,12824711.0,1174.0,1.0,2.0,1.1,False,10923.944633730835,Medium
PROP0620,Indiranagar,Apartment,22008948.0,1993.0,3.0,3.0,21.4,False,11043.124937280481,Large
PROP0621,Jayanagar,Villa,13721875.0,1485.0,2.0,2.0,7.0,False,9240.319865319865,Large
PROP0622,Koramangala,Apartment,15453573.0,1236.0,1.0,1.0,19.5,False,12502.890776699029,Medium
PROP0623,Electronic City,Apartment,3508460.0,510.0,1.0,1.0,18.3,False,6879.333333333333,Small
PROP0624,Koramangala,Independent House,16678767.0,1361.0,2.0,1.0,10.6,False,12254.788390889053,Medium
PROP0625,Electronic City,Apartment,3511794.0,639.0,1.0,2.0,11.0,False,5495.765258215963,Small
PROP0626,Koramangala,Apartment,17065078.0,1432.0,3.0,3.0,3.6,False,11916.953910614526,Large
PROP0627,Jayanagar,Apartment,22133792.0,2239.0,4.0,5.0,8.3,False,9885.570343903528,Very Large
PROP0628,Indiranagar,Independent House,11251853.0,1036.0,2.0,3.0,25.3,False,10860.86196911197,Medium
PROP0629,Koramangala,Apartment,20546724.0,1607.0,3.0,2.0,19.8,False,12785.764779091474,Large
PROP0630,Jayanagar,Apartment,10045686.0,1073.0,2.0,1.0,8.6,False,9362.242311276794,Medium
PROP0631,Electronic City,Independent House,5663096.0,1123.0,1.0,2.0,8.5,False,5042.828138913625,Medium
PROP0632,Jayanagar,Villa,19479810.0,1853.0,3.0,2.0,15.8,False,10512.5796006476,Large
PROP0633,Indiranagar,Independent House,15289735.0,1430.0,2.0,2.0,11.5,False,10692.122377622378,Large
PROP0634,Whitefield,Studio,17738353.0,2355.0,4.0,5.0,9.0,False,7532.209341825902,Very Large
PROP0635,Indiranagar,Villa,12580254.0,1199.0,2.0,3.0,14.9,False,10492.28857381151,Medium
PROP0636,Indiranagar,Apartment,21448413.0,1970.0,3.0,4.0,14.6,False,10887.519289340102,Large
PROP0637,Hsr Layout,Apartment,15202978.0,1501.0,3.0,2.0,6.2,False,10128.566289140574,Large
PROP0638,Hsr Layout,Villa,18870464.0,1864.0,3.0,2.0,13.2,False,10123.639484978541,Large
PROP0639,Jayanagar,Villa,11761565.0,1217.0,1.0,1.0,14.0,False,9664.391947411668,Medium
PROP0640,Electronic City,Independent House,8450746.0,1424.0,3.0,2.0,10.4,False,5934.512640449439,Large
PROP0641,Jayanagar,Apartment,11811042.0,1390.0,1.0,1.0,5.7,False,8497.15251798561,Medium
PROP0642,Jayanagar,Apartment,13828285.0,1015.0,1.0,2.0,10.6,False,13623.926108374384,Medium
PROP0643,Indiranagar,Apartment,19514132.0,1794.0,3.0,2.0,4.8,False,10877.442586399107,Large
PROP0644,Whitefield,Apartment,13895326.0,1788.0,3.0,4.0,13.4,False,7771.435123042505,Large
PROP0645,Hsr Layout,Apartment,17391442.0,1759.0,2.0,2.0,2.5,False,9887.118817509949,Large
PROP0646,Electronic City,Studio,12337173.0,2249.0,3.0,3.0,27.0,False,5485.6260560249,Very Large
PROP0647,Indiranagar,Apartment,22059849.0,2204.0,4.0,2.0,23.6,False,10009.005898366606,Very Large
PROP0648,Koramangala,Apartment,16396186.0,1255.0,1.0,1.0,14.2,False,13064.690039840638,Medium
PROP0649,Hsr Layout,Apartment,14482705.5,1644.0,3.0,3.0,19.0,False,8809.431569343065,Large
PROP0650,Indiranagar,Villa,12330083.0,1126.0,2.0,1.0,18.2,False,10950.340142095914,Medium
